0	fired	136180	136180	15	41	47	6476	304	75	72	3	12	8	5	1	1	41	0
1	fired	133070	133070	15	46	56	5670	286	76	70	6	10	9	12	2	1	46	0
2	fired	130790	130790	15	43	59	5238	314	72	69	3	9	9	13	2	1	43	0
3	fired	140480	140480	17	38	44	4425	275	72	71	1	3	6	4	1	1	38	0
4	fired	134600	134600	16	39	42	3807	226	72	70	2	6	8	5	1	1	39	0
5	fired	116810	116810	14	48	58	5794	268	76	66	10	10	9	19	3	2	-1	-1
6	fired	132240	132240	14	41	50	5238	316	77	74	3	18	9	4	1	1	41	0
7	fired	135840	135840	16	38	43	3970	246	76	70	6	6	8	0	0	0	38	0
8	fired	153300	153300	17	52	71	5491	264	75	73	2	5	6	28	4	3	52	0
9	fired	151460	151460	17	36	41	3876	256	72	72	0	4	6	0	0	0	36	0
