0	fired	138300	138300	16	41	45	12983	840	77	69	8	5	8	4	1	1	41	0
1	fired	130500	130500	16	38	41	11041	573	75	70	5	6	6	0	0	0	38	0
2	fired	86960	86960	13	42	52	14301	749	72	59	13	7	8	12	2	1	-1	-1
3	fired	132900	132900	16	52	72	12546	559	75	68	7	4	7	27	6	6	52	0
4	fired	141630	141630	15	43	47	11289	651	77	73	4	13	10	6	1	1	43	0
5	fired	119680	119680	16	58	87	14337	563	73	67	6	3	6	41	6	3	-1	-1
6	fired	125220	125220	16	47	59	12492	565	73	67	6	3	5	20	5	5	-1	-1
7	fired	120060	120060	15	42	51	11311	559	71	65	6	5	8	12	3	3	-1	-1
8	fired	130520	130520	15	37	40	10726	530	73	68	5	8	10	0	0	0	37	0
9	fired	148020	148020	17	37	43	10981	614	73	72	1	4	6	0	0	0	37	0
10	fired	156540	156540	17	39	45	10388	627	75	74	1	6	6	0	0	0	39	0
11	fired	125110	125110	14	43	47	14571	611	76	69	7	13	9	9	2	2	-1	-1
12	fired	140080	140080	17	38	41	16070	1063	74	70	4	2	5	0	0	0	38	0
13	fired	172880	172880	18	39	43	13415	868	77	76	1	4	6	0	0	0	39	0
14	fired	143920	143920	17	37	45	15414	906	73	70	3	2	5	0	0	0	37	0
15	fired	140860	140860	17	37	41	17738	999	73	73	0	5	8	0	0	0	37	0
16	fired	131720	131720	16	43	54	14311	695	71	69	2	5	7	14	2	1	43	0
17	fired	135940	135940	15	39	41	11837	862	76	72	4	12	10	0	0	0	39	0
18	fired	145160	145160	16	39	43	14342	787	74	72	2	8	10	4	1	1	39	0
19	fired	131100	131100	15	40	48	13533	821	72	69	3	9	12	8	2	2	40	0
20	fired	137280	137280	16	51	63	17868	1125	73	70	3	6	8	26	4	3	51	0
21	fired	137740	137740	16	39	44	19931	1562	74	70	4	6	8	4	1	1	39	0
22	fired	130470	130470	14	40	49	13476	859	72	72	0	16	9	8	2	2	40	0
23	fired	110400	110400	15	40	44	17269	776	75	66	9	6	8	0	0	0	-1	-1
24	fired	133540	133540	16	38	45	14929	810	75	68	7	4	7	0	0	0	38	0
25	fired	135660	135660	16	45	58	10242	586	74	70	4	6	6	16	3	2	45	0
26	fired	133000	133000	16	38	43	7658	397	72	69	3	5	7	4	1	1	38	0
27	fired	132530	132530	15	40	43	7867	434	74	69	5	9	11	5	1	1	40	0
28	fired	136860	136860	16	46	55	8784	440	77	69	8	5	9	13	2	1	46	0
29	fired	145300	145300	17	45	56	7942	468	75	71	4	3	5	12	2	2	45	0
30	fired	131120	131120	16	48	65	9798	421	70	70	0	6	6	25	5	4	48	0
31	fired	132860	132860	16	44	58	10377	597	72	71	1	7	6	16	3	2	44	0
32	fired	138510	138510	16	35	42	8485	435	70	70	0	6	9	0	0	0	35	0
33	fired	129860	129860	16	38	43	8756	457	75	68	7	4	6	0	0	0	-1	-1
34	fired	127180	127180	16	53	65	9478	445	77	73	4	9	10	25	4	3	-1	-1
35	fired	123560	123560	14	53	70	11687	515	76	68	8	12	13	29	6	5	-1	-1
36	fired	105960	105960	15	50	62	10032	458	76	65	11	5	7	20	4	3	-1	-1
37	fired	132320	132320	15	42	56	11293	523	74	71	3	11	9	9	1	0	42	0
38	fired	132040	132040	16	45	58	9693	484	72	69	3	5	6	16	3	2	45	0
39	fired	130870	130870	15	37	40	10197	562	74	69	5	9	9	0	0	0	37	0
