0	fired	136060	136060	16	46	63	8714	466	77	69	8	5	8	13	2	1	46	0
1	fired	115160	115160	15	38	48	9065	482	72	64	8	4	8	4	1	1	-1	-1
2	fired	132900	132900	16	37	41	7300	363	73	68	5	4	6	0	0	0	37	0
3	fired	138300	138300	16	43	51	9040	451	77	71	6	7	6	8	2	2	43	0
4	fired	125860	125860	16	45	55	9123	410	75	67	8	3	5	13	2	1	-1	-1
5	fired	134380	134380	16	38	45	8964	520	75	70	5	6	6	0	0	0	38	0
6	fired	131080	131080	16	35	41	8621	445	70	69	1	5	6	0	0	0	35	0
7	fired	130380	130380	15	38	40	9649	449	76	71	5	11	8	0	0	0	38	0
8	fired	105940	105940	14	36	42	9296	589	67	63	4	7	8	4	1	1	-1	-1
9	fired	120960	120960	16	37	44	8446	415	74	66	8	2	5	0	0	0	-1	-1
10	fired	125420	125420	16	42	52	8832	409	75	67	8	3	5	8	2	2	-1	-1
11	fired	133760	133760	16	48	63	7858	340	74	70	4	6	5	21	4	3	48	0
12	fired	112100	112100	15	72	114	21004	848	73	64	9	4	6	69	4	3	-1	-1
13	fired	128140	128140	15	44	56	14946	768	74	68	6	8	10	12	3	3	-1	-1
14	fired	141560	141560	16	42	50	16723	827	75	72	3	8	7	8	2	2	42	0
15	fired	153380	153380	17	54	77	19239	770	76	72	4	4	7	28	6	5	54	0
16	fired	137310	137310	16	42	50	17691	883	78	70	8	6	9	4	1	1	42	0
17	fired	120080	120080	16	39	44	16794	1014	76	66	10	2	5	0	0	0	-1	-1
18	fired	131940	131940	16	43	52	19952	944	75	72	3	8	8	9	2	2	43	0
19	timeout	0	62380	11	100	176	35916	813	0	0	0	0	0	0	9	6	-1	-1
20	fired	132360	132360	16	36	37	17752	1086	71	69	2	5	6	0	0	0	36	0
21	fired	107500	107500	15	41	47	21816	1191	75	63	12	3	5	4	1	1	-1	-1
22	fired	111400	111400	15	98	160	25833	999	75	65	10	5	6	117	20	15	-1	-1
23	fired	121600	121600	16	42	48	12561	701	77	66	11	2	5	5	1	1	-1	-1
24	fired	132020	132020	15	45	63	8446	430	69	69	0	9	8	20	4	3	45	0
25	fired	135280	135280	16	62	88	7913	342	76	70	6	6	8	45	7	6	62	0
26	fired	139340	139340	17	37	43	6743	336	74	69	5	1	5	0	0	0	37	0
27	fired	86260	86260	14	38	41	7200	323	76	60	16	4	7	0	0	0	-1	-1
28	fired	87880	87880	13	36	39	6581	335	72	68	4	16	9	0	0	0	-1	-1
29	timeout	0	60040	12	100	175	13497	338	0	0	0	0	0	0	16	13	-1	-1
30	fired	133100	133100	16	58	79	8913	398	74	70	4	6	6	42	8	8	58	0
31	fired	133180	133180	16	40	42	8163	373	75	70	5	6	7	4	1	1	40	0
32	fired	137800	137800	17	36	38	7285	356	72	70	2	2	5	0	0	0	36	0
33	fired	129920	129920	16	36	39	7652	393	72	67	5	3	6	0	0	0	-1	-1
34	fired	133910	133910	15	39	45	8566	416	72	70	2	10	13	6	1	1	39	0
35	fired	139150	139150	16	44	56	9367	399	76	70	6	6	9	10	2	2	44	0
36	nomove	0	40	1	40	45	8681	405	0	0	0	0	0	0	1	1	-1	-1
37	fired	134360	134360	16	40	44	9199	440	76	69	7	5	7	4	1	1	40	0
38	fired	133840	133840	16	74	115	10668	389	77	68	9	4	6	68	13	10	74	0
39	fired	128780	128780	16	39	44	7862	361	72	70	2	6	6	4	1	1	-1	-1
