0	fired	136060	136060	16	46	63	10126	521	77	69	8	5	8	13	2	1	46	0
1	fired	135320	135320	16	43	56	9040	482	77	70	7	6	9	9	2	2	43	0
2	fired	132900	132900	16	37	41	7567	414	73	68	5	4	6	0	0	0	37	0
3	fired	138300	138300	16	43	51	10425	532	77	71	6	7	6	8	2	2	43	0
4	fired	125860	125860	16	45	55	10112	508	75	67	8	3	5	13	2	1	-1	-1
5	fired	134380	134380	16	38	45	10721	594	75	70	5	6	6	0	0	0	38	0
6	fired	131080	131080	16	35	41	9526	528	70	69	1	5	6	0	0	0	35	0
7	fired	130380	130380	15	38	40	9864	510	76	71	5	11	8	0	0	0	38	0
8	fired	105940	105940	14	36	42	9169	434	67	63	4	7	8	4	1	1	-1	-1
9	fired	120960	120960	16	37	44	9043	460	74	66	8	2	5	0	0	0	-1	-1
10	fired	108400	108400	15	38	39	9259	441	75	62	13	2	5	0	0	0	-1	-1
11	fired	133760	133760	16	48	63	9811	464	74	70	4	6	5	21	4	3	48	0
12	timeout	0	73700	11	100	181	21262	493	0	0	0	0	0	0	9	6	-1	-1
13	fired	128140	128140	15	44	56	9946	467	74	68	6	8	10	12	3	3	-1	-1
14	fired	141560	141560	16	42	50	9955	511	75	72	3	8	7	8	2	2	42	0
15	fired	148160	148160	17	53	72	9731	490	74	71	3	3	7	30	6	5	53	0
16	fired	137310	137310	16	42	50	8540	406	78	70	8	6	9	4	1	1	42	0
17	fired	120080	120080	16	39	44	8061	379	76	66	10	2	5	0	0	0	-1	-1
18	fired	131940	131940	16	43	52	8744	456	75	72	3	8	8	9	2	2	43	0
19	fired	112580	112580	13	39	45	8132	368	76	68	8	16	10	0	0	0	-1	-1
20	fired	132360	132360	16	36	37	7684	359	71	69	2	5	6	0	0	0	36	0
21	fired	107500	107500	15	41	47	10102	468	75	63	12	3	5	4	1	1	-1	-1
22	nomove	0	360	2	47	59	9534	478	0	0	0	0	0	0	3	2	-1	-1
23	fired	121600	121600	16	42	48	9935	392	77	66	11	2	5	5	1	1	-1	-1
24	fired	132020	132020	15	45	63	11163	592	69	69	0	9	8	20	4	3	45	0
25	fired	104690	104690	14	64	91	10940	511	76	63	13	7	9	48	10	10	-1	-1
26	fired	139340	139340	17	37	43	8285	505	74	69	5	1	5	0	0	0	37	0
27	fired	86260	86260	14	38	41	9561	458	76	60	16	4	7	0	0	0	-1	-1
28	fired	87880	87880	13	36	39	8754	422	72	68	4	16	9	0	0	0	-1	-1
29	fired	115540	115540	15	51	69	10337	415	78	67	11	7	8	20	5	5	-1	-1
30	fired	126260	126260	15	53	67	11019	520	77	68	9	8	9	26	5	5	-1	-1
31	fired	133180	133180	16	40	42	9368	438	75	70	5	6	7	4	1	1	40	0
32	fired	137800	137800	17	36	38	8157	407	72	70	2	2	5	0	0	0	36	0
33	fired	129920	129920	16	36	39	8722	444	72	67	5	3	6	0	0	0	-1	-1
34	fired	133910	133910	15	39	45	9977	452	72	70	2	10	13	6	1	1	39	0
35	fired	139150	139150	16	44	56	11073	516	76	70	6	6	9	10	2	2	44	0
36	fired	89400	89400	14	39	45	10886	476	74	62	12	6	8	4	1	1	-1	-1
37	fired	134360	134360	16	40	44	10037	502	76	69	7	5	7	4	1	1	40	0
38	fired	126140	126140	15	89	145	15210	452	77	70	7	10	8	97	18	15	-1	-1
39	fired	128780	128780	16	39	44	11936	670	72	70	2	6	6	4	1	1	-1	-1
